Address,Sq Ft,Tax Assessment,Commute to 2424 Rivermont Ave (min),Commute to 122 Fleetwood Dr (min),County,Acreage,Bedrooms,Baths,Year Built,Owner,Zestimate,Rent Zestimate
"1216 LEE JACKSON HWY, LYNCHBURG, VA 24503",2108,,13.8,12.3,Bedford,6.63,3,2.5,1952,PEARSON ROBERT K JR &,519800,2070
"1578 LEE JACKSON HIGHWAY, LYNCHBURG, VA 24503",2850,,13.9,12.4,Bedford,5.0,3,3.0,1950,KEELING ROGER B & KEELING CAROLYN E,693300,2787
"1386 LEE JACKSON HWY, LYNCHBURG, VA 24503",2322,,14.4,12.9,Bedford,9.76,3,2.0,2018,CALFEE DARYL W,842400,3926
"1083 BLUE GAP ROAD, LYNCHBURG, VA 24503",2737,,14.5,13.0,Bedford,13.5,3,3.5,1967,MILLER TYSON B & SHANINIAN-MILLER ER,562300,2785
"1514 LEE JACKSON HIGHWAY, LYNCHBURG, VA 24503",2690,,14.5,13.0,Bedford,11.56,3,2.5,1955,DUNCAN THOMAS E & REBECCA M,618800,2650
"2084 LEE JACKSON HIGHWAY, LYNCHBURG, VA 24503",3790,,14.6,13.1,Bedford,9.81,4,4.5,1998,MCDANIEL PAUL K & SHERRY,1112200,3141
"1686 HOLCOMB ROCK ROAD, LYNCHBURG, VA 24506",3219,,15.2,13.8,Bedford,11.04,5,3.5,1933,BURTON THERESA C REVOCABLE TRUST,570100,2338
"2280 OLD RUSTBURG RD, LYNCHBURG, VA 24501-0000",2613,161000.0,13.6,15.2,Campbell,13.13,3,0,1920,WILLIAMS AUBREY L JR & BARBARA,284800,1729
"1113 MOUNTAIN RIDGE LANE, LYNCHBURG, VA 24503",3379,,15.5,14.0,Bedford,6.27,4,5.0,1973,PIETSCH CHARLES P & EVA M,586900,2919
"1185 WALNUT HOLLOW ROAD, LYNCHBURG, VA 24503",2330,,15.5,14.0,Bedford,7.47,3,2.0,1999,SLAUGHTER ALFORD & SLAUGHTER CYNTHIA,531300,2396
"1453 HOLCOMB ROCK ROAD, LYNCHBURG, VA 24503",2726,,15.7,14.3,Bedford,11.01,4,2.5,2009,BLACKBURN JAMES EDWARD III & TAMMY R,701700,2885
"1241 AUDUBON DRIVE, LYNCHBURG, VA 24503",1819,,15.9,14.4,Bedford,5.18,4,3.5,1958,STILWELL STEVE & STILWELL HEATHER,537900,2635
"212 MIRROR LAKE LN, LYNCHBURG, VA 24503",3780,,15.9,14.4,Bedford,6.02,4,5.5,1992,DABNEY LEWIS P & KRISTIN B,874400,3405
"1304 AUDUBON DRIVE, LYNCHBURG, VA 245036340",2817,,16.0,14.6,Bedford,6.48,3,3.5,1965,BURROUGHS GLENN E & DIANE T,642600,2830
"1586 HUNTERLAND ROAD, LYNCHBURG, VA 24503",2939,,16.0,14.5,Bedford,13.48,3,2.5,1985,HUNTERLAND FARM LLC,525000,2301
"107 LOCH TERRACE, LYNCHBURG, VA 24503",3120,,16.4,14.9,Bedford,7.23,3,2.5,1992,SINCLAIR SHARON M TRUSTEE,539000,2395
"202 FOX RUNN DRIVE, LYNCHBURG, VA 24503",2764,,16.4,13.6,Bedford,5.13,4,2.5,1986,ELMIGER CHERYL C,614900,2786
"1381 TAMER LANE, LYNCHBURG, VA 24503",3794,,16.6,15.1,Bedford,8.06,4,3.5,1965,AUFFINGER SEAN P & AUFFINGER CAITLIN,961200,3067
"4460 HAWKINS MILL ROAD, LYNCHBURG, VA 24503",2346,,16.6,12.2,Bedford,11.19,3,2.0,1930,EVANS JEFFREY W,478800,1871
"3711 TRENTS FERRY ROAD, LYNCHBURG, VA 24503",2358,,16.1,16.7,Bedford,5.14,4,3.5,1996,WALSH DOUGLAS K & WALSH ASHLEY H,552300,2577
"1468 HUNTERLAND ROAD, LYNCHBURG, VA 24503",3230,,16.9,15.4,Bedford,7.27,3,3.5,1988,JAEGER IVAJOAN M TRUSTEE,552300,2643
"1083 SPRING MOUNTAIN ROAD, LYNCHBURG, VA 24503",3413,,16.9,15.5,Bedford,8.22,4,4.0,1988,JEFFERSON CLARENCE T JR & JEFFERSON,742800,2525
"1177 SPRING MOUNTAIN ROAD, LYNCHBURG, VA 24503",3086,,16.9,15.4,Bedford,6.06,4,3.0,1885,GARMAN TEDDY ANDREW &,543200,2279
"416 HOWARD DR, LYNCHBURG, VA 245031715",3027,,17.1,15.6,Bedford,13.45,3,3.0,1989,OKEEFE JOHN J JR &,787800,3258
"415 HOWARD DRIVE, LYNCHBURG, VA 24503",2806,,17.1,15.7,Bedford,7.0,4,3.5,1994,GROSS MARGARET M & KELLER CATHRINE M,985200,3140
"1683 COFFEE ROAD, LYNCHBURG, VA 24503",3320,,17.2,14.4,Bedford,20.47,4,3.0,1880,OKIN MICHAEL A DEBORAH A REVOCABLE L,633600,2918
"2009 WIGGINGTON ROAD, LYNCHBURG, VA 24502",3376,,17.2,10.5,Bedford,11.64,5,4.0,1975,UPDIKE GLENN B III 2007 REVOCABLE TR,565400,2590
"2209 HOLCOMB ROCK ROAD, LYNCHBURG, VA 24503",2187,,17.4,16.0,Bedford,6.42,3,2.0,1980,PAINTER TRACY L & CRYSTAL G,436700,2049
"1194 COOLIDGE DRIVE, LYNCHBURG, VA 24503",2805,,17.4,13.0,Bedford,12.21,4,4.0,2000,RAMOS RAMIRO & GAMALUDDIN SHEREEN A,1032000,2861
"418 MEADOWRIDGE DRIVE, LYNCHBURG, VA 24503",2328,,17.5,16.1,Bedford,5.57,3,2.5,1984,WHITE LESLIE DAWN & KEYES LESLIE E I,467400,2537
"1080 ADAMS VIEW DR, LYNCHBURG, VA 24503",3512,,16.8,17.5,Bedford,5.31,4,4.0,2002,SANDROF JASON & SANDROF AMY,889600,3631
"2211 HOLCOMB ROCK ROAD, LYNCHBURG, VA 24503",2004,,17.8,16.3,Bedford,19.9,3,2.5,1999,NORVELLE JAMES T &,499100,2089
"1305 SPRING MOUNTAIN ROAD, LYNCHBURG, VA 24503",3561,,17.9,16.4,Bedford,6.29,3,2.5,1979,FISHER BENJAMIN D & FISHER THERESA M,767000,3112
"200 OLD STABLE ROAD, LYNCHBURG, VA 24503",3186,,17.9,15.1,Bedford,5.21,4,4.0,2002,FORE JUSTIN & FORE LACI,764800,3964
"142 MILL ACRES DRIVE, LYNCHBURG, VA 24503",2152,,18.0,11.3,Bedford,6.33,3,2.5,1992,WEATHERHOLT OTIS V &,440000,2030
"1394 EYRIE VIEW DRIVE, LYNCHBURG, VA 24506",3446,,18.0,16.5,Bedford,8.68,4,3.5,2008,PEARSON BRUCE E & JONI W,1000500,3131
"1268 ADAMS VIEW DRIVE, LYNCHBURG, VA 24503",1872,,17.3,18.1,Bedford,7.84,3,3.0,1995,BLAIR ROBERT J & SANDRA A,450500,2092
"1048 CHESTNUT HILL ROAD, LYNCHBURG, VA 24503",3293,,18.1,16.6,Bedford,5.93,3,4.0,1998,ZECHINI MARGARET ANDERSON REV TRUST,1280700,2893
"307 FOX RUNN DRIVE, LYNCHBURG, VA 24503",2683,,18.1,15.3,Bedford,9.29,4,3.5,1999,GREENMUN ANDREA L & JEREMY N,758600,3034
"3725 HAWKINS MILL ROAD, LYNCHBURG, VA 24503",1916,,18.1,13.0,Bedford,6.98,3,2.0,1979,BURKS GLENN A & PHYLLIS D,469600,1992
"3206 TRENTS FERRY RD, LYNCHBURG, VA 24503",2775,,17.2,18.2,Bedford,12.69,3,2.5,2000,BURGESS MICHAEL DEAN,677700,2295
"1106 OAK SPRING ROAD, LYNCHBURG, VA 24503",2610,,18.3,16.9,Bedford,5.71,4,2.5,1977,BELLAMY CRAIG J &,544800,2215
"4329 HAWKINS MILL RD, LYNCHBURG, VA 24503",2249,,18.3,13.8,Bedford,7.66,3,3.0,2004,RAO SUSAN E,561800,2701
"1505 MCKINNEY AVE, LYNCHBURG, VA 24502",2464,271600.0,16.8,18.3,Campbell,5.0,3,0,2012,JENNINGS JASON R & CARRIE D,194600,1529
"1121 OAK SPRING ROAD, LYNCHBURG, VA 24503",2796,,18.4,16.9,Bedford,7.75,5,3.5,1988,LINDAUER BRIAN N & LEONARDO JENNIFER,1142700,2732
"2525 EASTBROOK RD, LYNCHBURG, VA 24501-0000",1808,92900.0,16.9,18.4,Campbell,5.92,4,0,1900,MILLS ALVIN DALE,133200,1534
"1015 PERCH ROAD, LYNCHBURG, VA 24503",2134,,18.5,17.0,Bedford,15.56,3,2.5,2005,MOEN WAYLAND T,656000,2968
"2416 EASTBROOK RD, LYNCHBURG, VA 24501-0000",1848,171900.0,16.9,18.5,Campbell,7.9,4,0,1948,MILLS PATRICIA J,267900,1735
"2690 TRENTS FERRY ROAD, LYNCHBURG, VA 24503",3552,,14.2,18.6,Bedford,16.84,4,4.5,1995,HAGERTY CHARLES J JR & HAGERTY MEGAN,1134900,3448
"87 NEST LN, LYNCHBURG, VA 24501-0000",2386,171900.0,17.0,18.6,Campbell,11.12,3,0,1968,NESTER VIRGIL L & JANE F,271800,1419
"2102 AUDUBON DRIVE, LYNCHBURG, VA 24503",3202,,18.7,17.3,Bedford,6.86,4,4.0,1992,BARLOW LAWRENCE K & BARLOW SUSAN J,875500,3732
"1206 CHESTNUT HILL ROAD, LYNCHBURG, VA 24503",3402,,18.7,17.3,Bedford,6.23,5,4.5,1975,WEAVER EARL M JR & ELIZABETH C,784700,2587
"2304 EASTBROOK RD, LYNCHBURG, VA 24501-0000",2888,316500.0,17.2,18.8,Campbell,16.73,3,0,1920,CRANCE TIMOTHY E,446200,2041
"109 KEENELAND COURT, LYNCHBURG, VA 245033838",3615,,18.9,17.5,Bedford,5.64,3,2.5,1984,PRASSE HENRY B &,534200,2157
"1130 JAMES RIVER PLACE, LYNCHBURG, VA 24503",2426,,12.6,18.9,Bedford,6.88,3,3.0,1976,DAVIDSON FRANK GASSAWAY IV & DAVIDSO,906700,2177
"106 FOREST OAKS DRIVE, FOREST, VA 24551",2520,,19.0,9.2,Bedford,5.38,3,2.0,1986,MELIN BENJAMIN A & MELIN JESSICA K,508800,2320
"1407 FOX HILL ROAD, LYNCHBURG, VA 24503",2675,,12.8,19.0,Bedford,6.32,3,3.5,1989,MARSHALL INGRID W REVOCABLE TRUST,594700,2480
"1220 CEDAR CREEK LANE, LYNCHBURG, VA 24503",1920,,19.1,14.0,Bedford,6.21,3,3.0,1995,MCCANN JAMES E & CHERYL K,463600,2317
"1808 HAWKINS MILL ROAD, LYNCHBURG, VA 245035035",2104,,19.1,9.3,Bedford,20.86,3,3.0,1976,GREEN DELBERT I & DIANE M,487900,2190
"2615 HAWKINS MILL ROAD, LYNCHBURG, VA 24502",2037,,19.1,14.1,Bedford,9.91,3,2.5,1974,SMOTREL JAMES R & JUDITH H,410500,2105
"1267 PRYOR RIDGE TRAIL, LYNCHBURG, VA 24503",2709,,19.1,17.6,Bedford,5.32,5,3.5,2002,HALL WARNER L III TRUSTEE,1311500,2602
"317 PLEASANT HILL RD, LYNCHBURG, VA 24501-0000",1800,211100.0,17.5,19.1,Campbell,5.717,3,0,2018,JOHNSON GRACE V,429100,1999
"2315 TRENTS FERRY ROAD, LYNCHBURG, VA 24503",3213,,13.6,19.2,Bedford,5.3,4,2.5,1918,SMITH MARY KATHRYN (FKA ADAMS) & MAR,442500,2844
"1430 FOX HILL ROAD, LYNCHBURG, VA 24503",2895,,12.9,19.2,Bedford,6.06,3,4.5,1940,BASTEN DAVID M & BASTEN STACEY W,1424200,3200
"2465 COTTONTOWN ROAD, FOREST, VA 24551",2299,,19.3,9.5,Bedford,8.51,3,3.5,1978,JOHNSTON WHITAKER R & ABBEY G,680800,2866
"2937 COFFEE ROAD, LYNCHBURG, VA 245039612",2538,,19.3,16.5,Bedford,22.15,4,3.0,1900,MCNAMEE PATRICK F,558400,2456
"2022 EASTBROOK RD, LYNCHBURG, VA 24501",1892,209200.0,17.9,19.4,Campbell,5.726,3,0,1964,CAMPBELL JOSEPH D,333100,1488
"204 TURF RD, LYNCHBURG, VA 24501-0000",1918,161000.0,17.8,19.4,Campbell,5.7,3,0,1920,OSBORNE JAMES J & EVA M,217500,1532
"1620 FOX HILL ROAD, LYNCHBURG, VA 24503",2763,,13.4,19.6,Bedford,6.6,3,2.5,1981,COUCH NANCY HOPKINS TRUSTEE,581000,2032
"2495 INDERED FARM ROAD, LYNCHBURG, VA 24503",1872,,19.6,16.8,Bedford,6.13,3,3.0,1986,KELLY MICHAEL & VICTORIA W,393600,1976
"1225 BANBURY LANE, LYNCHBURG, VA 24503",1830,,19.6,18.1,Bedford,5.02,3,2.0,1994,ATKINSON ERICA L,250100,1807
"2700 TRENTS FERRY ROAD, LYNCHBURG, VA 24503",3192,,15.5,19.7,Bedford,14.82,4,4.0,1995,DEEGAN KATHRYN A,1195400,2655
"1125 TEMPLETON MILL ROAD, LYNCHBURG, VA 24503",3487,,14.4,19.7,Bedford,10.0,4,3.5,1954,WHITE BRINSON C II & WHITE ELIZABETH,995600,2408
"3937 CAMPBELL HWY, LYNCHBURG, VA 24501",3384,427300.0,18.2,19.8,Campbell,15.86,4,0,2010,SHOLES GEORGE I II & RUTH K,612400,2354
"110 FOREST OAKS DRIVE, FOREST, VA 245511929",2452,,19.9,10.1,Bedford,5.54,4,4.0,1984,ROGERS JOEL HARGRETT,490600,2263
"1328 PEBBLETON LANE, LYNCHBURG, VA 24503",3736,,19.9,18.4,Bedford,23.0,5,4.5,1958,LOTANO REMO A TRUST,742200,2343
"1516 CEDAR CREEK LN, LYNCHBURG, VA 24503",1991,,19.9,14.9,Bedford,6.03,4,3.5,1997,OSTROWSKI LUKE P & THMASON LOUISA,600900,2663
"1075 WILLIAM CRAIGHEAD PLACE, LYNCHBURG, VA 245039609",1982,,19.9,12.1,Bedford,15.5,3,2.0,1994,FRANK VINCELL EVERETTE,586600,1871
"1518 TRENTS MEADOW LANE, LYNCHBURG, VA 24503",3333,,17.6,19.9,Bedford,11.74,4,5.0,2006,HARRIS SHELLEY A & HARRIS ROBERT A,1154500,4556
"1527 TRENTS MEADOW LANE, LYNCHBURG, VA 24503",2777,,17.6,19.9,Bedford,8.53,3,4.5,2005,WOODRUFF ROBERT & WOODRUFF SHAMIKA N,1218100,4261
"474 STEVENS RD, LYNCHBURG, VA 24501",2226,278000.0,18.3,19.9,Campbell,5.29,4,0,2015,BOYER RICK & CHRISTINA,461600,2395
"701 CANDLEMAKERS LN, RUSTBURG, VA 24588-0000",2128,105500.0,18.4,19.9,Campbell,5.29,3,0,2001,LANIER DEAN S & DONNA S,251300,1905
"2437 INDERED FARM ROAD, LYNCHBURG, VA 245034729",2074,,20.1,17.3,Bedford,5.0,4,3.0,1986,DAVIS VIRGINIA LEGGETT,394700,2067
"1573 CEDAR CREEK LANE, LYNCHBURG, VA 24503",2687,,20.1,15.1,Bedford,6.74,3,3.0,2014,COOK SEAN D & COOK MOLLY A,659200,2853
"1576 CUDDINGTON LN, FOREST, VA 24551",2979,314600.0,17.5,20.1,Campbell,19.65,3,0,1946,MOORE WILLIAM R (LIFE ESTATE),643400,3040
"1307 TEMPLETON MILL RD, LYNCHBURG, VA 24503",3653,,15.0,20.2,Bedford,5.0,4,3.5,2022,KIRK REGAN,890000,3481
"1651 FOX HILL RD, LYNCHBURG, VA 24503",2607,,14.1,20.3,Bedford,8.92,4,3.0,2002,SULLIVAN ROBERT A JR & SULLIVAN STEP,836600,2708
"2575 HAWKINS MILL ROAD, LYNCHBURG, VA 245034968",2096,,20.3,10.9,Bedford,13.75,3,3.0,1979,SMOTREL JAMES R & JUDITH H SOUTHALL,568900,2074
"1892 FOX HILL RD, LYNCHBURG, VA 24503",2976,,14.1,20.4,Bedford,10.88,3,3.0,1995,COGGIN CHARLES H JR & JEAN N TRS,933000,2681
"2515 HAWKINS MILL RD, LYNCHBURG, VA 24503",1824,,20.4,10.8,Bedford,5.01,3,3.0,1992,BROOKS DONALD K & JEANNE D CO TRS,370000,2148
"2489 HAWKINS MILL ROAD, LYNCHBURG, VA 24503",1937,,20.5,10.7,Bedford,7.14,4,3.0,1993,MACDONALD JAMES J & MACDONALD DANIEL,499300,2193
"1463 DUCKS LANE, LYNCHBURG, VA 245030642",1949,,16.4,20.6,Bedford,13.01,3,2.0,1950,TEMPLETON MELVIN EARL & BARBARA M,401300,1964
"1647 CEDAR CREEK LANE, LYNCHBURG, VA 24503",2724,,20.6,15.6,Bedford,6.0,4,2.5,2016,SMITH JAMES MARSHALL JR & SMITH LAUR,884000,4307
"134 GRIST MILL RD, LYNCHBURG, VA 24501-0000",1883,205900.0,19.0,20.6,Campbell,5.084,3,0,1970,GOUGH THOMAS E & MARY W,478700,2225
"1201 GREENVIEW DR, LYNCHBURG, VA 24502-0000",2834,711000.0,20.6,13.3,Campbell,5.67,3,0,1987,MICHAEL ROBERT L & PHYLLIS C  TRS,793100,1704
"79 BAER DEN TRAK, LYNCHBURG, VA 24502-0000",2326,202600.0,20.6,16.8,Campbell,6.01,3,0,1976,EPPERSON GREGORY S & PAMELA W,343200,1851
"1161 TEMPLETON LANE, LYNCHBURG, VA 24503",2225,,15.6,20.8,Bedford,7.81,3,3.0,1976,GRESHAM JAMES R & DENISE T CO TRUSTE,509400,2217
"7710 COTTONTOWN ROAD, FOREST, VA 24551",2361,,20.8,18.0,Bedford,7.53,4,3.5,2010,WOJDYLA MICHAEL P & REBECCA L,618300,2396
"1570 CEDAR CREEK LN, LYNCHBURG, VA 24503",1976,,20.8,15.8,Bedford,6.01,4,3.0,2023,LACY NATHAN R & LACY SARAH S,670000,2869
"78 DUNIVAN DR, RUSTBURG, VA 24588",1864,343300.0,20.8,18.1,Campbell,8.7,4,0,1974,MIXON JESSIE A & SHARON M,555400,2237
"3405 COTTONTOWN ROAD, FOREST, VA 24551",2216,,20.9,11.1,Bedford,7.58,4,3.0,1970,HARLOW BRENDA & EAGLE DIANE & HENSLE,421300,2258
"120 IVYLEA DRIVE, FOREST, VA 24551",2345,,20.9,11.1,Bedford,21.04,3,3.0,1972,GOGEL LIVING TRUST,606600,2239
"6773 LEE JACKSON HIGHWAY, BIG ISLAND, VA 24526",2120,,21.0,19.6,Bedford,17.72,3,2.0,1950,KNIGHT FRANCIS A & KNIGHT GINGER A,380200,1528
"106 FOX MEADOWS ROAD, LYNCHBURG, VA 245031044",3097,,14.7,21.0,Bedford,14.95,4,3.5,1997,COGGIN CHARLES H III & COGGIN SUSAN,989700,3135
"110 MILL ACRES DRIVE, LYNCHBURG, VA 24501",2250,,21.0,11.2,Bedford,5.0,3,3.0,1979,BRADSHAW JANE ARNOLD,466500,1987
"201 GRIST MILL RD, LYNCHBURG, VA 24501-0000",2352,116700.0,19.4,21.0,Campbell,7.363,3,0,1908,TOWLER KENNETH C & CONSTANCE C SOWA,191200,1622
"133 DOVE DR, RUSTBURG, VA 24588-0000",1891,241500.0,21.0,18.4,Campbell,5.55,4,0,1996,WORLEY ALLEN LEE III &,439300,2537
"3496 NEW LONDON RD, FOREST, VA 24551",1972,210600.0,21.1,18.4,Campbell,7.212,3,0,1960,TSUEIS PROPERTY MANAGEMENT INC,420800,2469
"1387 JENNINGS DRIVE, LYNCHBURG, VA 24503",3768,,17.1,21.2,Bedford,5.0,5,4.0,1994,KOWALSKI SCOTT W & AMY MILES,946300,3645
"1426 DUCKS LANE, LYNCHBURG, VA 24503",2211,,17.1,21.2,Bedford,6.14,4,4.0,2004,RIZER JUSTIN M & RIZER ANGELA M,781000,3127
"7499 COTTONTOWN ROAD, FOREST, VA 24551",3527,,21.2,18.3,Bedford,6.49,4,3.0,1971,FOSTER STACEY G SETTLOR AND TRUSTEE,614500,2670
"1145 LONG RIDGE DRIVE, FOREST, VA 24551",3564,,21.3,11.5,Bedford,5.81,4,3.0,1998,MACDOWALL TODD MARK & AUDREY KRISTIN,740100,2936
"1487 JENNINGS DRIVE, LYNCHBURG, VA 24503",3129,,17.1,21.3,Bedford,7.28,4,3.5,1993,SWEENEY JOHN W & GARNETTE,570200,2755
"1937 FOX HILL ROAD, LYNCHBURG, VA 24502",2093,,15.0,21.3,Bedford,7.5,3,3.0,1998,KIDD JOHN EUGENE & MARY G,665600,2170
"112 MILL ACRES DRIVE, LYNCHBURG, VA 24503",2584,,21.3,11.5,Bedford,5.01,4,2.0,1919,VIBRANT HO TRUST,424200,1886
"2287 SUNNYMEADE RD, RUSTBURG, VA 24588-0000",1890,200100.0,21.3,19.6,Campbell,9.94,3,0,1976,EPPERSON HERMAN L & JEAN ANN B,358200,1684
"2590 SUNNYMEADE RD, RUSTBURG, VA 24588-0000",1992,305500.0,21.3,20.4,Campbell,22.795,4,0,1978,OSBORNE PRESTON E & BARBARA C,468700,1906
"2056 FOX HILL RD, LYNCHBURG, VA 24503",3380,,15.3,21.5,Bedford,7.9,3,3.0,1938,EPPES NANCY P REVOCABLE TRUST,632100,2974
"114 KESWICK DRIVE, LYNCHBURG, VA 24503",1853,,21.5,11.7,Bedford,8.33,3,2.0,2008,CAMPBELL JACOB ALLEN & CAMPBELL RACH,481300,2437
"219 HOPKINS RD, LYNCHBURG, VA 24502-0000",2985,305700.0,21.5,17.7,Campbell,5.0,3,0,1978,FLOYD WILLIAM D JR & KAREN M,448700,2331
"138 CERILLO LN, RUSTBURG, VA 24588",1920,321900.0,21.6,19.4,Campbell,11.76,7,0,1972,CERILLO JAMES ANTHONY TRS,666900,3166
"1360 CEDAR ROCK DR, FOREST, VA 24551",2244,186100.0,21.6,20.4,Campbell,6.715,5,0,1972,SIMPSON RANDALL FLOYD &,489400,2355
"89 SUN DANCE DR, LYNCHBURG, VA 24504",2426,361000.0,19.1,21.7,Campbell,7.47,3,0,2006,MARKEY GEOFFREY W & WHITNEY D,494300,2106
"174 ORCHARD DR, MADISON HEIGHTS, VA 24572",2128,124900.0,20.1,21.7,Campbell,9.68,4,0,1997,GARRETT WILLIE A,204300,1445
"46 CATHERINE CT, LYNCHBURG, VA 24501",2064,437500.0,20.1,21.7,Campbell,10.0,3,0,2006,TREADWELL JAMES A & ELAINE G,203800,1188
"18508 LEESVILLE RD, LYNCHBURG, VA 24501-0000",1970,297000.0,21.8,16.1,Campbell,17.93,3,0,1949,HALL ROBERT W & LETRICIA G,367400,1806
"128 MILL ACRES DRIVE, LYNCHBURG, VA 245033502",1871,,21.9,12.1,Bedford,16.25,4,3.0,1977,SCOTT THOMAS W & CLARA B,563500,2099
"1026 COVE CREEK LANE, COLEMAN FALLS, VA 24536",2114,,22.0,20.5,Bedford,6.0,3,2.0,1923,JAMISON GREGORY J & JAMISON KATHRYN,259700,1521
"4123 COTTONTOWN ROAD, FOREST, VA 24551",1845,,22.0,12.2,Bedford,5.41,3,3.0,1950,BENNETT MICHAEL L & BENNETT DEBORAH,382700,2165
"530 IRON RIDGE LN, LYNCHBURG, VA 24501",3596,403800.0,20.4,22.0,Campbell,19.0,3,0,2000,JOHNSON PAUL M & CARLA L,662500,2417
"13002 WARDS RD, RUSTBURG, VA 24588",1932,246500.0,22.0,18.2,Campbell,10.36,6,0,1956,MUHORO WANJEMA S,409600,1966
"138 CERILLO LN, RUSTBURG, VA 24588-0000",2556,402000.0,22.0,19.3,Campbell,6.58,3,0,2002,CERILLO JAMES ANTHONY TRS,666900,3166
"1950 PERCH RD, LYNCHBURG, VA 24503",2208,,22.1,20.7,Bedford,5.08,3,2.0,1983,PARIS THOMAS EDWARD & PARIS GINGER W,362800,1878
"108 FOX MEADOWS ROAD, LYNCHBURG, VA 24503",3460,,15.8,22.1,Bedford,9.05,4,3.0,1993,GORE JEFFREY S & KATHERINE M,704800,2768
"6990 COTTONTOWN ROAD, FOREST, VA 24551",2432,,22.1,17.4,Bedford,5.0,3,3.5,1978,DAY WAYNE M,441100,2411
"316 HOPKINS RD, LYNCHBURG, VA 24502-0000",2844,374900.0,22.1,18.2,Campbell,5.01,3,0,2001,NUCKOLS KIRBY V JR & TAMARA S,562800,1912
"1386 WILLIAM CRAIGHEAD PL, LYNCHBURG, VA 24503",2070,,22.2,14.5,Bedford,16.8,3,4.5,2001,EVERETT CURTIS D SR TRUSTEE,745700,2221
"1072 MONOLITH LN, FOREST, VA 24551",2200,,22.3,12.5,Bedford,5.19,4,2.5,1975,KLIMCHUK DAVID P & DONNA C,537000,2324
"127 LAKESIDE DR, LYNCHBURG, VA 24504",1856,304900.0,19.7,22.3,Campbell,11.94,8,0,1965,BAKER WILLIAM B & JUDY T,294100,1531
"1298 TABERNACLE LANE, FOREST, VA 245513637",2049,,22.4,18.4,Bedford,10.0,3,2.5,1989,SUYDAM ROBERT & ELIZABETH,521800,2261
"1045 MONOLITH LANE, FOREST, VA 24551",3637,,22.4,12.6,Bedford,10.37,4,3.5,1974,CARTER DAVID A & CARTER TERESA W TRS,795100,2869
"1850 ABERT ROAD, LYNCHBURG, VA 24503",1845,,22.4,20.9,Bedford,5.48,3,3.0,1958,JOYNER JOHN H & BARBARA N,349200,2142
"297 CABIN FIELD RD, LYNCHBURG, VA 24504-0000",2140,197900.0,19.8,22.4,Campbell,18.93,4,0,1959,SMITH LLOYD A JR & CARRIE M,428200,1766
"96 KIOWA RD, LYNCHBURG, VA 24504-0000",2050,298800.0,19.8,22.4,Campbell,18.611,4,0,1990,WALLER VIVIAN L,320700,1048
"485 HOPKINS RD, LYNCHBURG, VA 24502-0000",2947,382200.0,22.4,18.6,Campbell,10.66,4,0,1987,EPPERSON MARK A & ROSE S,624600,2548
"218 NEIGHBORS PL, LYNCHBURG, VA 24501",2108,252800.0,20.9,22.4,Campbell,5.0,3,0,1973,MORGAN DAVID,447500,2782
"1264 ALBEMARLE DRIVE, LYNCHBURG, VA 245036500",1956,,22.5,21.1,Bedford,5.08,3,2.0,1979,HERTZBERG JOSEPH A,259400,1925
"2623 OLD FARM ROAD, LYNCHBURG, VA 24503",2428,,22.5,18.8,Bedford,8.48,4,3.5,1984,DRAPER ROBERT C & KATHRYN,539800,2172
"464 HOPKINS RD, LYNCHBURG, VA 24502-4840",2114,211300.0,22.5,18.6,Campbell,5.0,4,0,1977,ROGERS JEFFREY SCOTT EXEC,367000,2075
"3304 HAWKINS MILL ROAD, LYNCHBURG, VA 24503",2650,,22.6,15.9,Bedford,19.65,3,2.5,1992,MIDDLETON JACK WAYNE REVOCABLE TRUST,616700,2153
"1343 HAWKINS FARM RD, LYNCHBURG, VA 24503",2266,,22.6,15.8,Bedford,14.45,5,2.5,2001,HARRISON GREGORY W & LACEY B,654100,2077
"148 LONGWOOD CIR, LYNCHBURG, VA 24504",3244,281600.0,20.0,22.6,Campbell,12.775,3,0,1979,FEEHAN RANDY M,479100,2027
"240 LONGWOOD CIR, LYNCHBURG, VA 24504-0000",2048,265100.0,20.0,22.6,Campbell,10.0,4,0,1998,HUDSON DARL G & CYNTHEIA D,476000,2004
"291 NEIGHBORS PL, LYNCHBURG, VA 24501-0000",1896,204900.0,21.0,22.6,Campbell,10.01,4,0,1990,REAVES BETHANY M,395900,2068
"1259 TEMPLETON LN, LYNCHBURG, VA 24503",3712,,17.5,22.7,Bedford,14.25,3,3.0,2006,COLEMAN DEBORAH L,879600,3623
"80 LISA LN, LYNCHBURG, VA 24502",2912,333000.0,22.7,16.9,Campbell,7.09,4,0,2004,MENDEL ERIC C,542700,2553
"1529 TABERNACLE LANE, FOREST, VA 24551",3644,,22.8,18.9,Bedford,10.36,3,4.5,1992,MARTIN GERALD E & MARTIN LOUISE C,868900,3050
"1192 MONOLITH LN, FOREST, VA 24551",1931,,22.8,13.0,Bedford,5.19,4,2.0,1978,GARRETT LAVERNE S & JEAN,430500,2052
"352 FOX DR, LYNCHBURG, VA 24502",2400,383200.0,22.8,15.7,Campbell,9.03,3,0,2001,CHILDREY PAUL A & ALYSON L,597000,2376
"405 FOX DR, LYNCHBURG, VA 24502-0000",1800,356700.0,22.8,15.7,Campbell,10.12,3,0,1995,MCHUGH PETER F & ARDELLA F,507300,1991
"152 MILL ACRES DRIVE, LYNCHBURG, VA 24503",2442,,22.9,13.1,Bedford,5.08,4,3.5,1989,FRENCH STUART PHILLIP & FRENCH MARGA,521800,2626
"1124 SUNNYMEADE RD, RUSTBURG, VA 24588-0000",2330,260500.0,22.9,20.2,Campbell,6.19,4,0,1987,GODSEY LARRY R & KRISTI W,560200,2442
"370 SUNBURST RD, LYNCHBURG, VA 24501",2917,349300.0,23.0,17.8,Campbell,15.653,6,0,1993,WITT DANIEL NEIL & DONNA SUE TRS,395200,2422
"1973 THOMAS JEFFERSON ROAD, FOREST, VA 24551",1884,,23.1,13.3,Bedford,8.47,3,2.5,1978,COOPER JOHN E,464900,2072
"941 SUNNYMEADE RD, RUSTBURG, VA 24588-0000",2134,223600.0,23.1,20.4,Campbell,7.88,3,0,1977,JOHNSON PAUL H & JACQUELINE Z,353500,1847
"459 NEIGHBORS PL, LYNCHBURG, VA 24501",2192,256100.0,21.7,23.2,Campbell,5.0,3,0,2002,JONES WILLIAM C & MICHELE S,377600,2789
"1380 COVE CREEK FARM RD, COLEMAN FALLS, VA 24536",2132,,23.3,21.8,Bedford,21.03,3,3.0,2004,HEPPNER NATHALIE W,676200,2387
"1353 KNIGHT ROAD, COLEMAN FALLS, VA 24536",2112,,23.3,21.8,Bedford,10.0,3,2.0,2015,BAKER ROBERT K & BAKER BRITTANY D,507600,2197
"530 POOR HOUSE RD, RUSTBURG, VA 24588-0000",2208,151800.0,21.7,23.3,Campbell,10.65,3,0,1912,DEACON JAMES FRANKLIN JR &,616100,1838
"6491 COTTONTOWN ROAD, FOREST, VA 24551",3537,,23.4,16.9,Bedford,11.31,4,3.0,2018,LILLY DARRELL W & LILLY TERRY F,1234400,4311
"1020 ABBEY PL, FOREST, VA 24551",2146,232100.0,20.8,23.4,Campbell,12.322,3,0,2018,SLOAN KRISTIN KELLY & NATHAN COREY,398900,2157
"385 POOR HOUSE RD, RUSTBURG, VA 24588-0000",1834,213700.0,21.8,23.4,Campbell,5.4,3,0,1970,DOOLEY RAY A & BERNICE N,343700,2087
"876 LONE JACK RD, LYNCHBURG, VA 24501-0000",1858,170200.0,22.0,23.5,Campbell,5.25,4,0,1979,HELMS TERRY B & DELORES O,295900,1561
"371 ELLEN DR, EVINGTON, VA 24550-0000",2689,249800.0,23.6,18.9,Campbell,7.14,3,0,1991,BURCH RONALD W & RHONDA V,429900,2241
"2235 GUMTREE ROAD, FOREST, VA 24551",2011,,23.7,13.9,Bedford,22.83,3,3.0,1966,GLASS HELEN R REVOCABLE TRUST,636000,2268
"1000 JAMES VIEW DRIVE, LYNCHBURG, VA 24505",2936,,23.7,22.3,Bedford,8.53,4,2.5,1989,MASSIE BLAND JR,477600,2454
"1113 GRANDVIEW HEIGHTS ROAD, COLEMAN FALLS, VA 24536",2064,,23.7,22.2,Bedford,12.23,3,2.0,1993,HOUSTON ROGER SAM,501300,1956
"1370 WINEWOOD ROAD, FOREST, VA 245513889",2790,,23.7,13.9,Bedford,7.98,4,2.0,1978,CLARK STEVEN PAUL & CAROLYN JANE,513400,2594
"589 NEIGHBORS PL, LYNCHBURG, VA 24501-0000",2741,309400.0,22.2,23.8,Campbell,5.0,4,0,1972,TUCKER ROBERT J & CHARLOTTE,475700,2803
"4915 COTTONTOWN RD, FOREST, VA 24551",2761,,23.9,14.1,Bedford,23.62,3,2.5,2015,RUSSELL MICKEY R & RUSSELL LINDSAY B,854400,2599
"663 OLD PLANTATION DR, LYNCHBURG, VA 24502-0000",1836,666400.0,24.0,19.1,Campbell,12.92,3,0,1973,DOUTHAT DAVID E & SUSAN M,876500,2202
"1383 WINEWOOD ROAD, FOREST, VA 24551",3320,,24.1,14.3,Bedford,5.0,3,2.5,2002,MILLS DALE C & MILLS RHONDA M,646500,2764
"1113 BEAVER CREEK XING, LYNCHBURG, VA 24501",2469,319000.0,22.7,24.2,Campbell,5.0,5,0,2001,CAMPBELL GARY W & KENA E,538300,2966
"1445 SUBURBAN RD, LYNCHBURG, VA 24501-0000",1804,75100.0,23.5,24.2,Campbell,5.0,4,0,1950,NICHOLAS PHYLLIS N (LIFE ESTATE),159000,1604
"137 FORTWORTH LN, RUSTBURG, VA 24588-0000",1836,179400.0,24.2,21.4,Campbell,7.16,4,0,2001,SMITH ALROY D & PEARL P,216400,2061
"2276 ABERT ROAD, LYNCHBURG, VA 24503",2940,,24.3,22.9,Bedford,10.28,4,4.0,1993,TYREE STEPHEN A JR & TYREE VIRGINIA,537500,2962
"832 POOR HOUSE RD, RUSTBURG, VA 24588",2358,285400.0,22.8,24.3,Campbell,9.7,3,0,2003,WOODSON EVELYN T,472700,1921
"81 PEARSON DR, RUSTBURG, VA 24588",1918,297400.0,24.3,20.5,Campbell,7.25,3,0,1980,MANESS KELLY C & HEDY M,534100,2478
"1557 WINEWOOD ROAD, FOREST, VA 24551",2100,,24.4,14.6,Bedford,8.68,3,3.5,1979,HARVEY H GLENN & HARVEY RUTH M,526500,2324
"17006 LEESVILLE RD, EVINGTON, VA 24550",3574,460600.0,24.4,19.6,Campbell,15.64,4,0,2005,LIGHT BRUCE F & LAURA H,739700,2689
"2714 THOMAS JEFFERSON ROAD, FOREST, VA 24551",2572,,24.5,14.7,Bedford,7.44,5,3.0,1941,MANNING JEFFREY L & DENISE H ASSET P,653000,2334
"127 INGE LN, LYNCHBURG, VA 24504-0000",2570,290500.0,21.9,24.5,Campbell,8.087,4,0,2011,INGE CHRISTOPHER DAVID & KELCEY,456100,2204
"565 LYNBROOK RD, RUSTBURG, VA 24588-0000",2752,254000.0,24.5,20.7,Campbell,8.6,4,0,1970,MOON DANIEL S & THERESA G,424000,2349
"611 HUCKLEBERRY KNOB DR, RUSTBURG, VA 24588-0000",2892,276200.0,24.5,21.8,Campbell,15.1,3,0,1972,REYNOLDS L WAYNE & SANDRA C,409900,1872
"6250 COFFEE ROAD, FOREST, VA 24551",2006,,24.6,20.7,Bedford,24.03,3,2.5,1979,WHITE DUANE A TRUSTEE,500700,2049
"758 LYNBROOK RD, RUSTBURG, VA 24588-0000",1829,242600.0,24.7,20.9,Campbell,8.71,4,0,1976,FAIRCHILD MARY L,467500,2596
"1111 BEAVER CREEK XING, LYNCHBURG, VA 24501-0000",2078,196400.0,23.1,24.7,Campbell,5.0,3,0,1977,THOMPSON WALLACE M & ALICE S,285000,1446
"2700 LAWYERS RD, LYNCHBURG, VA 24501",2396,231900.0,24.8,20.2,Campbell,5.0,4,0,2003,GODFREY ROBERT L,428900,2590
"596 CABIN FIELD RD, LYNCHBURG, VA 24504-0000",2060,246000.0,22.2,24.8,Campbell,5.0,3,0,2004,BARTLEMAN JAMES P & BONNIE C,429400,2243
"9988 WINTERCREST DR, ASHLAND, VA 23005",3150,436600.0,24.8,17.5,Campbell,22.86,3,0,1961,VNMM LLC,2774300,4845
"145 CLOSEBURN MANOR DR, LYNCHBURG, VA 24502",1981,146100.0,24.8,19.3,Campbell,6.46,3,0,1810,SHAFFER CRAIG CHRISTOPHER,333100,1800
"565 ENGLISH TAVERN RD, RUSTBURG, VA 24588-0000",2954,305600.0,24.8,21.0,Campbell,9.45,5,0,1927,WILSON TERESA A,487200,2285
"2065 PERROWVILLE ROAD, FOREST, VA 24551",1946,,24.9,15.1,Bedford,7.44,3,3.0,1970,GADO SAMKON KALTHO & GADO RACHEL FAY,663100,2365
"159 MANOR RD, EVINGTON, VA 24550-0000",2752,277300.0,24.9,20.1,Campbell,8.18,3,0,1976,WILLIAMS NORRIS W & DIANNE K,423100,2064
"132 ACORN DR, RUSTBURG, VA 24588-0000",2593,435800.0,24.9,21.1,Campbell,6.648,3,0,1988,WOOLDRIDGE CLARENCE L & PATRICIA R,626800,2824
"2050 LAWYERS RD, LYNCHBURG, VA 24501-0000",1800,163300.0,24.9,20.2,Campbell,14.65,3,0,1930,BRANDT HENRY C,273700,1369
"1323 SUBURBAN RD, LYNCHBURG, VA 24501",1976,113000.0,23.7,24.9,Campbell,5.29,3,0,2002,BYRNES RITA A,222500,1870
"1493 COVE CREEK FARM ROAD, COLEMAN FALLS, VA 24536",2448,,25.0,23.5,Bedford,7.57,4,3.0,1995,DIMOND CLARK WHITING III & DOROTHY L,672500,2765
"5309 S AMHERST HWY, MADISON HEIGHTS, VA 24572",3283,425208.0,7.4,14.6,Amherst,15.848,5,3.0,1931,THOMAS FRANK M None,475600,2513
"121 SPRING ST, MADISON HEIGHTS, VA 24572",2341,268973.0,10.1,16.3,Amherst,7.4,3,2.0,1950,SLUSHER CAROL A & CRAIG J CASSELL & LE FOR CARL J & VIVIAN H CASSELL,306200,1892
"289 RIDGE ST, MADISON HEIGHTS, VA 24572",3444,692300.0,10.6,16.8,Amherst,8.195,4,3.5,2003,CUNNINGHAM JERRY L & SUSAN D None,597400,2962
"777 KINGS RD, MADISON HEIGHTS, VA 24572",3718,706255.0,9.8,16.9,Amherst,21.972,3,3.0,1903,JACOBS BENJAMIN THOMAS & ASHLEIGH RENAE KUBIK-JACOBS None,710000,2372
"292 RIDGE ST, MADISON HEIGHTS, VA 24572",2006,384113.0,11.0,17.2,Amherst,8.471,3,2.5,1994,BURGESS PAUL G & CAROLYN G None,397100,2157
"272 THOMAS RD, MADISON HEIGHTS, VA 24572",2309,246457.0,11.9,18.3,Amherst,14.319,3,2.0,1939,PUGH ADOLPHUS & KIMBERLY None,257600,1861
"968 RIVER RD, MADISON HEIGHTS, VA 24572",2967,775330.0,11.3,18.4,Amherst,12.36,4,5.0,2021,PACOT SKY N & LISA G None,754100,3384
237 DILLARD RD,2243,343000.0,12.6,18.8,Amherst,6.03,3,2.0,1973,TESDALL DAVID W & KARIN E None,360800,1887
"145 BLUE BIRD LN, MADISON HEIGHTS, VA 24572",1871,468709.0,11.6,18.8,Amherst,14.14,3,2.0,1929,NELSON KYLE B & KRISTEN A None,503900,1791
"610 DILLARD RD, MADISON HEIGHTS, VA 24572",2436,441800.0,13.0,19.2,Amherst,20.811,3,3.5,2003,BLONDINO GEORGE L & LINDA S None,488500,2533
"228 WILDWOOD ACRES RD, MADISON HEIGHTS, VA 24572",2880,780100.0,13.8,19.3,Amherst,14.322,5,2.0,1903,SPECTRUM LINGUISTICS LLC None,685300,1060
"611 KINGS RD, MADISON HEIGHTS, VA 24572",2400,585865.0,12.2,19.4,Amherst,12.729,3,3.5,2018,DAY ROBERT III & JENNIFER None,594400,3659
"1223 RIVER RD, MADISON HEIGHTS, VA 24572",2750,893944.0,12.7,19.9,Amherst,13.752,4,3.5,1995,JONES CHRISTOPHER EARL & DANA ELIZABETH None,920800,4651
"379 PINECREST DR, MADISON HEIGHTS, VA 24572",3421,366330.0,14.4,19.9,Amherst,15.195,3,2.5,1835,HALFINGER NATHAN S None,370800,2493
"218 MAPLE DR, MADISON HEIGHTS, VA 24572",2137,317500.0,14.5,20.0,Amherst,8.0,4,2.0,1975,GETZ PAIGE MASSIE None,326300,1823
641 RIVERVIEW RD,2170,232900.0,14.7,20.2,Amherst,5.0,4,2.0,2001,MCCRAY ALLEN B & MILDRED D None,234500,1146
"123 SKYVIEW DR, MADISON HEIGHTS, VA 24572",2360,250110.0,14.9,20.4,Amherst,5.907,3,2.0,1889,DONOHUE BRIAN P & KIRSTEN S None,234600,1731
"498 HISTORIC RIVERVIE WAY, MADISON HEIGHTS, VA 24572",3558,604415.0,18.0,20.6,Amherst,22.22,4,3.5,1873,PROCTOR BERNARD C & JANE F None,514900,2166
"473 KINGS RD, MADISON HEIGHTS, VA 24572",2006,347854.0,13.5,20.6,Amherst,5.367,3,3.0,2023,BROWN JEREMY None,422700,2530
"401 HISTORIC RIVERVIE WAY, MADISON HEIGHTS, VA 24572",3157,695100.0,18.1,20.7,Amherst,5.47,3,3.0,2017,PROCTOR ANDREW F & SARAH K None,633900,2812
"244 RIVERVIEW RD, MADISON HEIGHTS, VA 24572",1891,347584.0,15.3,20.8,Amherst,7.756,5,3.0,1972,TATE ANTHONY M & BEVERLY R None,379000,2746
"429 S HILLCREST DR, MADISON HEIGHTS, VA 24572",2414,461700.0,15.2,20.8,Amherst,6.994,3,3.0,2000,LEE ADELAIDE D None,486700,2362
"593 RIVERVIEW RD, MADISON HEIGHTS, VA 24572",2726,293250.0,15.3,20.8,Amherst,5.0,3,2.0,2001,BIGLOW WILLIAM E N & SHELLEY I None,280500,1046
"3490 S AMHERST HWY, MONROE, VA 24574",2176,288040.0,14.7,20.9,Amherst,5.524,4,2.5,1941,NEIGHBORS DAVID A None,258200,1874
"967 ELON RD, MADISON HEIGHTS, VA 24572",2126,417000.0,15.0,21.2,Amherst,7.735,3,2.5,1990,MOORE THOMAS L & ANITA T None,378700,2256
"577 AMELON RD, MADISON HEIGHTS, VA 24572",1963,266260.0,15.5,21.7,Amherst,6.829,3,2.0,1940,HEADLEY TERESA C None,260200,1651
"1472 RIVER RD, MADISON HEIGHTS, VA 24572",3118,421968.0,14.7,21.9,Amherst,21.5,5,2.0,1900,BOE ROBERT O & SHIRLEY M None,429400,2146
"171 LOVING LN, MADISON HEIGHTS, VA 24572",2024,293476.0,15.8,22.0,Amherst,16.948,3,2.0,1909,SULLIVAN MICHAEL S & SHIRLEY L None,304900,1669
"1574 RIVER RD, MADISON HEIGHTS, VA 24572",3124,489708.0,14.9,22.0,Amherst,10.107,4,2.0,1949,VICKERS JOSHUA A & HEATHER D None,498700,2163
"238 ORCHARD DR, MADISON HEIGHTS, VA 24572",2475,479800.0,15.8,22.0,Amherst,5.603,4,4.0,2003,HENSON TONY A & ELIZABETH D None,484200,2587
1096 ELON RD,1939,353880.0,15.9,22.1,Amherst,5.239,3,2.5,1973,DRINKARD ANITA R None,333900,1848
"226 LEFTWICH RD, MADISON HEIGHTS, VA 24572",2530,446500.0,15.9,22.1,Amherst,5.116,3,2.5,2006,BOUQUIN LOUIS & CATHERINE None,471900,2576
"416 RIVERVIEW RD, MADISON HEIGHTS, VA 24572",2066,415100.0,16.8,22.4,Amherst,15.33,3,2.0,1969,WEST BARBARA C & KENDRA R J NANTON None,411000,1678
142 SOUTHERN LN,1864,209160.0,16.3,22.5,Amherst,7.512,3,2.0,1910,SULLIVAN ROBERT L None,238900,1622
"190 HIDDEN VIEW STABL LN, MADISON HEIGHTS, VA 24572",1944,296476.0,17.1,22.6,Amherst,15.384,3,2.0,2000,SKEENS JOSHUA A & SARAH M WILLIAMS None,267200,949
"1717 RIVER RD, MADISON HEIGHTS, VA 24572",3321,555420.0,15.8,22.9,Amherst,5.0,3,2.0,1986,MARCAIS ELIZABETH GARTH None,438600,2513
"140 VALLEYVIEW DR, MADISON HEIGHTS, VA 24572",2088,371940.0,16.9,23.1,Amherst,5.0,3,2.5,1969,ADCOCK ELSIE C None,324500,1943
"466 OAK GROVE DR, MADISON HEIGHTS, VA 24572",1960,295310.0,17.0,23.2,Amherst,5.55,3,2.0,1962,PUGH SUSAN A None,313700,1925
"210 HANS HILL DR, MADISON HEIGHTS, VA 24572",2557,474000.0,17.0,23.2,Amherst,5.629,4,2.5,1987,HUPP ARTHUR D & CASSY J None,529600,2437
"1797 RIVER RD, MADISON HEIGHTS, VA 24572",2401,417024.0,16.2,23.3,Amherst,7.794,3,2.5,2004,MAY RANDALL S & LORI C None,363500,2337
"183 ROTHWOOD RD, MONROE, VA 24574",1862,291800.0,17.3,23.5,Amherst,8.361,3,2.5,1991,BURGESS DIANA G None,237600,1920
"280 BERG DR, MADISONA HEIGHTS, VA 24572",2302,576000.0,17.4,23.6,Amherst,5.541,4,4.5,1998,VALIENTE JUANITA None,577000,3520
"1843 RIVER RD, MADISON HEIGHTS, VA 24572",2153,515800.0,16.6,23.7,Amherst,5.346,3,2.0,1994,DUFF KENNETH M & LINDA H None,445500,2067
147 FOX BRIAR LN,3367,627000.0,17.5,23.7,Amherst,8.32,3,2.5,1990,DELUCA TRACIE O None,511700,2426
"297 BERG DR, MADISON HEIGHTS, VA 24572",2484,554500.0,17.5,23.7,Amherst,5.221,4,3.0,1990,EPLING DAVID & TAMMY None,647700,3263
"257 HANS HILL DR, MADISON HEIGHTS, VA 24572",2226,501200.0,17.7,23.9,Amherst,5.269,3,2.5,1987,PHELPS FLOYD C None,410400,2294
"431 OAK GROVE DR, MADISON HEIGHTS, VA 24572",2097,337450.0,17.7,23.9,Amherst,6.2,3,2.5,1990,CASH COREY S & KASANDRA CASH None,419100,2147
"188 REDBUD LN, MADISON HEIGHTS, VA 24572",2755,624500.0,17.7,23.9,Amherst,8.61,3,3.5,1989,ROHR JEFFERY J None,471300,2170
"321 LEFTWICH RD, MADISON HEIGHTS, VA 24572",2269,372100.0,17.7,23.9,Amherst,5.311,3,2.0,2007,HUNDLEY ISABEL C None,360700,2106
"780 POSSUM ISLAND RD, MADISON HEIGHTS, VA 24572",2128,355200.0,17.8,24.0,Amherst,5.48,3,2.0,2006,GILBERT VIRGINIA LYNN None,365100,2149
"168 WINRIDGE DR, MADISON HEIGHTS, VA 24572",2004,371800.0,17.8,24.0,Amherst,19.93,4,2.0,1964,BURKHOLDER STEPHANIE D & TIMOTHY T None,394600,1852
"164 HOLLY LN, MADISON HEIGHTS, VA 24572",2612,387329.0,17.8,24.0,Amherst,5.41,5,2.5,1978,KEYES LESLIE E JR & SANDRA S None,355600,2360
"308 BERG DR, MADISON HEIGHTS, VA 24572",2992,622200.0,17.8,24.0,Amherst,7.727,3,3.0,2002,WALKER JOHN C & JUDITH H None,574100,3174
"315 BERG DR, MADISON HEIGHTS, VA 24572",1949,678650.0,17.8,24.0,Amherst,7.533,4,3.0,1991,WOOLRIDGE WILLIAM F SR & DIANN H None,554900,2136
"314 BERG DR, MADISON HEIGHTS, VA 24572",2916,489100.0,17.8,24.0,Amherst,7.169,4,3.0,1990,EUBANK RONNIE S & TERESA D None,480700,2686
"345 EASTVIEW DR, MADISON HEIGHTS, VA",2763,435220.0,17.8,24.0,Amherst,5.291,4,2.5,1991,VANDALL SHIRKEY R & JANET L None,434900,2315
"275 HANS HILL DR, MADISON HEIGHTS, VA 24572",2444,481400.0,17.9,24.1,Amherst,8.362,4,2.5,1992,CLARK JEFFREY L & GRACE A None,446000,2360
"282 BRUNER RD, MONROE, VA 24574",1926,332200.0,18.0,24.2,Amherst,7.55,3,2.5,2008,BRANHAM DELMAR L & GRACE R None,324800,2065
"371 EASTVIEW DR, MADISON HEIGHTS, VA 24572",2016,406288.0,18.0,24.2,Amherst,5.232,3,2.5,1989,PRICE MATTHEW A & MARK W & ROBIN M None,351700,1987
"148 HENRY DR, MADISON HEIGHTS, VA 24572",2387,451300.0,18.1,24.3,Amherst,5.14,3,3.0,1979,CAMPBELL SCOTT & BLAIR None,466700,1974
"2169 IZAAK WALTON RD, MADISON HEIGHTS, VA 24572",1952,400000.0,18.1,24.3,Amherst,6.41,3,3.0,1974,FITZGERALD ELIZABETH None,347600,1965
"398 EASTVIEW DR, MADISON HEIGHTS, VA 24572",2646,748700.0,18.1,24.3,Amherst,5.564,3,2.5,1991,CASCIO WILLIAM J & PATRICIA A None,609400,3855
"1419 S COOLWELL RD, MADISON HEIGHTS, VA 24572",2592,384480.0,18.2,24.4,Amherst,5.0,3,2.0,2005,RAMSEY JAMES S None,376900,2221
155 WINRIDGE DR,2500,305200.0,18.3,24.5,Amherst,6.181,4,3.5,1850,WILLS RICHARD B & JANET H None,315700,2199
"193 HUNDLEY LN, MADISON HEIGHTS, VA 24572",3027,603420.0,18.3,24.5,Amherst,5.0,4,4.5,2004,CAMPBELL STEVEN C None,660900,3480
"370 DOGWOOD DR, MADISON HEIGHTS, VA 24572",1952,375400.0,18.4,24.6,Amherst,7.75,3,2.0,1972,TOMLIN CARLTON JR & DIANE None,350000,1731
"252 LYNWOOD DR, MADISON HEIGHTS, VA 24572",3738,632700.0,18.4,24.6,Amherst,5.02,4,3.5,1989,CASH LEARON DAVID & HARRIETTE S None,611700,3075
282 GARTIN PL,2878,555900.0,18.4,24.6,Amherst,6.923,4,2.5,2004,GOLDEN R KELLY & WENDY D None,531500,2806
"414 EASTVIEW DR, MADISON HEIGHTS, VA 24572",2361,460484.0,18.4,24.6,Amherst,5.192,3,2.5,1990,CAMPBELL NANCY S None,379300,1948
"184 HENRY DR, MADISON HEIGHTS, VA 24572",1966,450200.0,18.5,24.7,Amherst,5.073,3,2.5,1977,BUTLER CLYDE R JR & JANICE W None,384200,1897
"293 GARTIN PL, MADISON HEIGHTS, VA 24572",2292,512000.0,18.6,24.7,Amherst,5.042,3,2.5,2003,WERNER TARA W None,501900,2501
"250 REDBUD LN, MADISON HEIGHTS, VA 24572",3744,710100.0,18.5,24.7,Amherst,9.572,3,3.5,1988,LAKEY DONALD L & DORIS None,590000,2873
"549 BRUNER RD, MONROE, VA 24574",2758,571549.0,18.5,24.7,Amherst,6.82,3,2.0,2007,PATTERSON GRANVILLE W & ANN O None,513000,2077
"171 CRICKET HILLS DR, MADISON HEIGHTS, VA 24572",2557,440490.0,18.6,24.8,Amherst,5.008,3,2.5,1993,SHORT DARRYL & BELVA ANN None,391000,2382
"255 GLADE RD, MADISON HEIGHTS, VA 24572",1862,296600.0,18.6,24.8,Amherst,8.39,3,3.0,1929,FARTHING RODNEY DALE II & BRYAN HARRY BAYLES None,326100,2023
"133 HARDWOOD LN, MADISON HEIGHTS, VA 24572",2436,506120.0,18.6,24.8,Amherst,5.045,3,3.5,1989,NEWMAN GREGORY L & J DIANE C None,484900,2518
"349 HANS HILL DR, MADISON HEIGHTS, VA 24572",2850,644200.0,18.6,24.8,Amherst,6.807,4,4.0,1986,HOLMES DEREK & AMY None,596700,3662
"295 GARTIN PL, MADISON HEIGHTS, VA 24572",3540,716000.0,18.6,24.8,Amherst,5.288,4,3.5,1994,WILSON CAMILLE FLIPPIN None,668000,2693
"274 LYNWOOD DR, MADISON HEIGHTS, VA 24572",1896,387200.0,18.7,24.9,Amherst,5.44,3,3.0,1987,REDDY DAVID E None,415400,2420
"427 EASTVIEW DR, MADISON HEIGHTS, VA 24572",2503,489500.0,18.7,24.9,Amherst,5.631,3,2.0,2003,ALEXANDER JASON L None,406900,2218
"188 HENRY DR, MADISON HEIGHTS, VA 24572",1800,275900.0,18.8,25.0,Amherst,5.0,4,2.0,1979,FLOYD JAMES A & KIMBLE H None,287700,1767
"153 CAMPBELLTOWN LN, MONROE, VA 24574",1962,446100.0,18.8,25.0,Amherst,11.006,3,2.5,2023,CREAMMER TREVOR L & MOLLEIGH T None,498500,2361
"289 POSSUM ISLAND RD, MADISON HEIGHTS, VA 24572",1856,458090.0,18.8,25.0,Amherst,19.628,3,2.0,2006,O'BRIEN JEFFREY M & LAURIE E None,504000,2001
"130 HARDWOOD LN, MADISON HEIGHTS, VA 24572",2380,414500.0,18.8,25.0,Amherst,5.22,3,3.0,1989,ROOP DANIEL R & REBECCA H None,428000,2514
"267 LYNWOOD DR, MADISON HEIGHTS, VA 24572",2420,477700.0,18.8,25.0,Amherst,5.071,4,3.5,1987,WILLIAMS FAMILY TRUST JOSEPH S & PAMELA B WILLIAMS-TRSTE,469500,2492
"567 POSSUM ISLAND RD, MADISON HEIGHTS, VA 24572",1922,330048.0,18.8,25.0,Amherst,5.836,4,2.0,1989,HARDY THOMAS F & JERRY B None,363300,1808
"855 WINESAP RD, MADISON HEIGHTS, VA 24572",1820,327400.0,18.8,25.0,Amherst,8.562,3,2.0,2005,PFISTER LOIS ANN None,389500,2010
