Address,Sq Ft,Tax Assessment,Commute to 2424 Rivermont Ave (min),Commute to 122 Fleetwood Dr (min),County,Acreage,Bedrooms,Baths,Year Built,Owner,Zestimate,Rent Zestimate,Mailing Address,Owner Occupied,Rank,SqFt Score,Commute Rivermont Score,Commute Fleetwood Score,Acreage Score,Zestimate Score,Non-Owner-Occupied Score,TOTAL SCORE,SCORING KEY,Category,Threshold,Points,Notes
"2280 OLD RUSTBURG RD, LYNCHBURG, VA 24501-0000",2613,161000.0,13.6,15.2,Campbell,13.13,3,0,1920,WILLIAMS AUBREY L JR & BARBARA,284800,1729,,Unknown,1,14,15,10,13.1,20,0,72.1,,── SQ FOOTAGE ──,,,
"370 SUNBURST RD, LYNCHBURG, VA 24501",2917,349300.0,23.0,17.8,Campbell,15.653,6,0,1993,WITT DANIEL NEIL & DONNA SUE TRS,395200,2422,,Unknown,2,14,10,10,15.7,20,0,69.7,,Sq Ft,1800 - 2499,10,
"611 HUCKLEBERRY KNOB DR, RUSTBURG, VA 24588-0000",2892,276200.0,24.5,21.8,Campbell,15.1,3,0,1972,REYNOLDS L WAYNE & SANDRA C,409900,1872,,Unknown,3,14,10,10,15.1,20,0,69.1,,Sq Ft,2500 - 2999,14,
"96 KIOWA RD, LYNCHBURG, VA 24504-0000",2050,298800.0,19.8,22.4,Campbell,18.611,4,0,1990,WALLER VIVIAN L,320700,1048,,Unknown,4,10,10,10,18.6,20,0,68.6,,Sq Ft,3000+,17,
"18508 LEESVILLE RD, LYNCHBURG, VA 24501-0000",1970,297000.0,21.8,16.1,Campbell,17.93,3,0,1949,HALL ROBERT W & LETRICIA G,367400,1806,,Unknown,5,10,10,10,17.9,20,0,67.9,,,,,
"2050 LAWYERS RD, LYNCHBURG, VA 24501-0000",1800,163300.0,24.9,20.2,Campbell,14.65,3,0,1930,BRANDT HENRY C,273700,1369,,Unknown,6,10,10,10,14.7,20,0,64.7,,── COMMUTE ──,,,Applied to BOTH destinations
"2590 SUNNYMEADE RD, RUSTBURG, VA 24588-0000",1992,305500.0,21.3,20.4,Campbell,22.795,4,0,1978,OSBORNE PRESTON E & BARBARA C,468700,1906,,Unknown,7,10,10,10,22.8,10,0,62.8,,Commute,< 15 min,15,
"565 LYNBROOK RD, RUSTBURG, VA 24588-0000",2752,254000.0,24.5,20.7,Campbell,8.6,4,0,1970,MOON DANIEL S & THERESA G,424000,2349,,Unknown,8,14,10,10,8.6,20,0,62.6,,Commute,15 - 25 min,10,
"1020 ABBEY PL, FOREST, VA 24551",2146,232100.0,20.8,23.4,Campbell,12.322,3,0,2018,SLOAN KRISTIN KELLY & NATHAN COREY,398900,2157,,Unknown,9,10,10,10,12.3,20,0,62.3,,Commute,> 25 min,5,
"159 MANOR RD, EVINGTON, VA 24550-0000",2752,277300.0,24.9,20.1,Campbell,8.18,3,0,1976,WILLIAMS NORRIS W & DIANNE K,423100,2064,,Unknown,10,14,10,10,8.2,20,0,62.2,,,,,
"127 LAKESIDE DR, LYNCHBURG, VA 24504",1856,304900.0,19.7,22.3,Campbell,11.94,8,0,1965,BAKER WILLIAM B & JUDY T,294100,1531,,Unknown,11,10,10,10,11.9,20,0,61.9,,── ACREAGE ──,,,
"87 NEST LN, LYNCHBURG, VA 24501-0000",2386,171900.0,17.0,18.6,Campbell,11.12,3,0,1968,NESTER VIRGIL L & JANE F,271800,1419,,Unknown,12,10,10,10,11.1,20,0,61.1,,Acreage,per acre,1,Raw acreage value
"2304 EASTBROOK RD, LYNCHBURG, VA 24501-0000",2888,316500.0,17.2,18.8,Campbell,16.73,3,0,1920,CRANCE TIMOTHY E,446200,2041,,Unknown,13,14,10,10,16.7,10,0,60.7,,,,,
"13002 WARDS RD, RUSTBURG, VA 24588",1932,246500.0,22.0,18.2,Campbell,10.36,6,0,1956,MUHORO WANJEMA S,409600,1966,,Unknown,14,10,10,10,10.4,20,0,60.4,,── ZESTIMATE ──,,,
"46 CATHERINE CT, LYNCHBURG, VA 24501",2064,437500.0,20.1,21.7,Campbell,10.0,3,0,2006,TREADWELL JAMES A & ELAINE G,203800,1188,,Unknown,15,10,10,10,10.0,20,0,60.0,,Zestimate,"< $425,000",20,
"291 NEIGHBORS PL, LYNCHBURG, VA 24501-0000",1896,204900.0,21.0,22.6,Campbell,10.01,4,0,1990,REAVES BETHANY M,395900,2068,,Unknown,16,10,10,10,10.0,20,0,60.0,,Zestimate,$425k - $550k,10,
"2287 SUNNYMEADE RD, RUSTBURG, VA 24588-0000",1890,200100.0,21.3,19.6,Campbell,9.94,3,0,1976,EPPERSON HERMAN L & JEAN ANN B,358200,1684,,Unknown,17,10,10,10,9.9,20,0,59.9,,Zestimate,"> $550,000",0,
"9988 WINTERCREST DR, ASHLAND, VA 23005",3150,436600.0,24.8,17.5,Campbell,22.86,3,0,1961,VNMM LLC,2774300,4845,,Unknown,18,17,10,10,22.9,0,0,59.9,,,,,
"148 LONGWOOD CIR, LYNCHBURG, VA 24504",3244,281600.0,20.0,22.6,Campbell,12.775,3,0,1979,FEEHAN RANDY M,479100,2027,,Unknown,19,17,10,10,12.8,10,0,59.8,,── OCCUPANCY ──,,,Bedford & Amherst only; Campbell = Unknown
"174 ORCHARD DR, MADISON HEIGHTS, VA 24572",2128,124900.0,20.1,21.7,Campbell,9.68,4,0,1997,GARRETT WILLIE A,204300,1445,,Unknown,20,10,10,10,9.7,20,0,59.7,,Non-owner-occupied,mailing ≠ situs,50,Owner Occupied = N
"297 CABIN FIELD RD, LYNCHBURG, VA 24504-0000",2140,197900.0,19.8,22.4,Campbell,18.93,4,0,1959,SMITH LLOYD A JR & CARRIE M,428200,1766,,Unknown,21,10,10,10,18.9,10,0,58.9,,Owner-occupied,mailing = situs,0,Owner Occupied = Y
"2416 EASTBROOK RD, LYNCHBURG, VA 24501-0000",1848,171900.0,16.9,18.5,Campbell,7.9,4,0,1948,MILLS PATRICIA J,267900,1735,,Unknown,22,10,10,10,7.9,20,0,57.9,,Unknown occupancy,,0,Campbell or unmatched
"941 SUNNYMEADE RD, RUSTBURG, VA 24588-0000",2134,223600.0,23.1,20.4,Campbell,7.88,3,0,1977,JOHNSON PAUL H & JACQUELINE Z,353500,1847,,Unknown,23,10,10,10,7.9,20,0,57.9,,,,,
"201 GRIST MILL RD, LYNCHBURG, VA 24501-0000",2352,116700.0,19.4,21.0,Campbell,7.363,3,0,1908,TOWLER KENNETH C & CONSTANCE C SOWA,191200,1622,,Unknown,24,10,10,10,7.4,20,0,57.4,,── MAX SCORES ──,,,
"3496 NEW LONDON RD, FOREST, VA 24551",1972,210600.0,21.1,18.4,Campbell,7.212,3,0,1960,TSUEIS PROPERTY MANAGEMENT INC,420800,2469,,Unknown,25,10,10,10,7.2,20,0,57.2,,Sq Ft max,3000+,17,
"137 FORTWORTH LN, RUSTBURG, VA 24588-0000",1836,179400.0,24.2,21.4,Campbell,7.16,4,0,2001,SMITH ALROY D & PEARL P,216400,2061,,Unknown,26,10,10,10,7.2,20,0,57.2,,Commute max (×2),< 15 min each,30,
"145 CLOSEBURN MANOR DR, LYNCHBURG, VA 24502",1981,146100.0,24.8,19.3,Campbell,6.46,3,0,1810,SHAFFER CRAIG CHRISTOPHER,333100,1800,,Unknown,27,10,10,10,6.5,20,0,56.5,,Acreage max,25 acres,25,
"79 BAER DEN TRAK, LYNCHBURG, VA 24502-0000",2326,202600.0,20.6,16.8,Campbell,6.01,3,0,1976,EPPERSON GREGORY S & PAMELA W,343200,1851,,Unknown,28,10,10,10,6.0,20,0,56.0,,Zestimate max,< $425k,20,
"530 IRON RIDGE LN, LYNCHBURG, VA 24501",3596,403800.0,20.4,22.0,Campbell,19.0,3,0,2000,JOHNSON PAUL M & CARLA L,662500,2417,,Unknown,29,17,10,10,19.0,0,0,56.0,,Non-owner max,mailing ≠ situs,50,Owner Occupied = N
"2525 EASTBROOK RD, LYNCHBURG, VA 24501-0000",1808,92900.0,16.9,18.4,Campbell,5.92,4,0,1900,MILLS ALVIN DALE,133200,1534,,Unknown,30,10,10,10,5.9,20,0,55.9,,Theoretical max,,142,(17+30+25+20+50)
"2022 EASTBROOK RD, LYNCHBURG, VA 24501",1892,209200.0,17.9,19.4,Campbell,5.726,3,0,1964,CAMPBELL JOSEPH D,333100,1488,,Unknown,31,10,10,10,5.7,20,0,55.7,,,,,
"204 TURF RD, LYNCHBURG, VA 24501-0000",1918,161000.0,17.8,19.4,Campbell,5.7,3,0,1920,OSBORNE JAMES J & EVA M,217500,1532,,Unknown,32,10,10,10,5.7,20,0,55.7,,,,,
"385 POOR HOUSE RD, RUSTBURG, VA 24588-0000",1834,213700.0,21.8,23.4,Campbell,5.4,3,0,1970,DOOLEY RAY A & BERNICE N,343700,2087,,Unknown,33,10,10,10,5.4,20,0,55.4,,,,,
"701 CANDLEMAKERS LN, RUSTBURG, VA 24588-0000",2128,105500.0,18.4,19.9,Campbell,5.29,3,0,2001,LANIER DEAN S & DONNA S,251300,1905,,Unknown,34,10,10,10,5.3,20,0,55.3,,,,,
"1323 SUBURBAN RD, LYNCHBURG, VA 24501",1976,113000.0,23.7,24.9,Campbell,5.29,3,0,2002,BYRNES RITA A,222500,1870,,Unknown,35,10,10,10,5.3,20,0,55.3,,,,,
"876 LONE JACK RD, LYNCHBURG, VA 24501-0000",1858,170200.0,22.0,23.5,Campbell,5.25,4,0,1979,HELMS TERRY B & DELORES O,295900,1561,,Unknown,36,10,10,10,5.2,20,0,55.2,,,,,
"1505 MCKINNEY AVE, LYNCHBURG, VA 24502",2464,271600.0,16.8,18.3,Campbell,5.0,3,0,2012,JENNINGS JASON R & CARRIE D,194600,1529,,Unknown,37,10,10,10,5.0,20,0,55.0,,,,,
"464 HOPKINS RD, LYNCHBURG, VA 24502-4840",2114,211300.0,22.5,18.6,Campbell,5.0,4,0,1977,ROGERS JEFFREY SCOTT EXEC,367000,2075,,Unknown,38,10,10,10,5.0,20,0,55.0,,,,,
"459 NEIGHBORS PL, LYNCHBURG, VA 24501",2192,256100.0,21.7,23.2,Campbell,5.0,3,0,2002,JONES WILLIAM C & MICHELE S,377600,2789,,Unknown,39,10,10,10,5.0,20,0,55.0,,,,,
"1445 SUBURBAN RD, LYNCHBURG, VA 24501-0000",1804,75100.0,23.5,24.2,Campbell,5.0,4,0,1950,NICHOLAS PHYLLIS N (LIFE ESTATE),159000,1604,,Unknown,40,10,10,10,5.0,20,0,55.0,,,,,
"1111 BEAVER CREEK XING, LYNCHBURG, VA 24501-0000",2078,196400.0,23.1,24.7,Campbell,5.0,3,0,1977,THOMPSON WALLACE M & ALICE S,285000,1446,,Unknown,41,10,10,10,5.0,20,0,55.0,,,,,
"1576 CUDDINGTON LN, FOREST, VA 24551",2979,314600.0,17.5,20.1,Campbell,19.65,3,0,1946,MOORE WILLIAM R (LIFE ESTATE),643400,3040,,Unknown,42,14,10,10,19.6,0,0,53.6,,,,,
"565 ENGLISH TAVERN RD, RUSTBURG, VA 24588-0000",2954,305600.0,24.8,21.0,Campbell,9.45,5,0,1927,WILSON TERESA A,487200,2285,,Unknown,43,14,10,10,9.4,10,0,53.4,,,,,
"3937 CAMPBELL HWY, LYNCHBURG, VA 24501",3384,427300.0,18.2,19.8,Campbell,15.86,4,0,2010,SHOLES GEORGE I II & RUTH K,612400,2354,,Unknown,44,17,10,10,15.9,0,0,52.9,,,,,
"17006 LEESVILLE RD, EVINGTON, VA 24550",3574,460600.0,24.4,19.6,Campbell,15.64,4,0,2005,LIGHT BRUCE F & LAURA H,739700,2689,,Unknown,45,17,10,10,15.6,0,0,52.6,,,,,
"127 INGE LN, LYNCHBURG, VA 24504-0000",2570,290500.0,21.9,24.5,Campbell,8.087,4,0,2011,INGE CHRISTOPHER DAVID & KELCEY,456100,2204,,Unknown,46,14,10,10,8.1,10,0,52.1,,,,,
"80 LISA LN, LYNCHBURG, VA 24502",2912,333000.0,22.7,16.9,Campbell,7.09,4,0,2004,MENDEL ERIC C,542700,2553,,Unknown,47,14,10,10,7.1,10,0,51.1,,,,,
"371 ELLEN DR, EVINGTON, VA 24550-0000",2689,249800.0,23.6,18.9,Campbell,7.14,3,0,1991,BURCH RONALD W & RHONDA V,429900,2241,,Unknown,48,14,10,10,7.1,10,0,51.1,,,,,
"405 FOX DR, LYNCHBURG, VA 24502-0000",1800,356700.0,22.8,15.7,Campbell,10.12,3,0,1995,MCHUGH PETER F & ARDELLA F,507300,1991,,Unknown,49,10,10,10,10.1,10,0,50.1,,,,,
"240 LONGWOOD CIR, LYNCHBURG, VA 24504-0000",2048,265100.0,20.0,22.6,Campbell,10.0,4,0,1998,HUDSON DARL G & CYNTHEIA D,476000,2004,,Unknown,50,10,10,10,10.0,10,0,50.0,,,,,
"832 POOR HOUSE RD, RUSTBURG, VA 24588",2358,285400.0,22.8,24.3,Campbell,9.7,3,0,2003,WOODSON EVELYN T,472700,1921,,Unknown,51,10,10,10,9.7,10,0,49.7,,,,,
"219 HOPKINS RD, LYNCHBURG, VA 24502-0000",2985,305700.0,21.5,17.7,Campbell,5.0,3,0,1978,FLOYD WILLIAM D JR & KAREN M,448700,2331,,Unknown,52,14,10,10,5.0,10,0,49.0,,,,,
"589 NEIGHBORS PL, LYNCHBURG, VA 24501-0000",2741,309400.0,22.2,23.8,Campbell,5.0,4,0,1972,TUCKER ROBERT J & CHARLOTTE,475700,2803,,Unknown,53,14,10,10,5.0,10,0,49.0,,,,,
"758 LYNBROOK RD, RUSTBURG, VA 24588-0000",1829,242600.0,24.7,20.9,Campbell,8.71,4,0,1976,FAIRCHILD MARY L,467500,2596,,Unknown,54,10,10,10,8.7,10,0,48.7,,,,,
"89 SUN DANCE DR, LYNCHBURG, VA 24504",2426,361000.0,19.1,21.7,Campbell,7.47,3,0,2006,MARKEY GEOFFREY W & WHITNEY D,494300,2106,,Unknown,55,10,10,10,7.5,10,0,47.5,,,,,
"81 PEARSON DR, RUSTBURG, VA 24588",1918,297400.0,24.3,20.5,Campbell,7.25,3,0,1980,MANESS KELLY C & HEDY M,534100,2478,,Unknown,56,10,10,10,7.2,10,0,47.2,,,,,
"1360 CEDAR ROCK DR, FOREST, VA 24551",2244,186100.0,21.6,20.4,Campbell,6.715,5,0,1972,SIMPSON RANDALL FLOYD &,489400,2355,,Unknown,57,10,10,10,6.7,10,0,46.7,,,,,
"317 PLEASANT HILL RD, LYNCHBURG, VA 24501-0000",1800,211100.0,17.5,19.1,Campbell,5.717,3,0,2018,JOHNSON GRACE V,429100,1999,,Unknown,58,10,10,10,5.7,10,0,45.7,,,,,
"133 DOVE DR, RUSTBURG, VA 24588-0000",1891,241500.0,21.0,18.4,Campbell,5.55,4,0,1996,WORLEY ALLEN LEE III &,439300,2537,,Unknown,59,10,10,10,5.5,10,0,45.5,,,,,
"474 STEVENS RD, LYNCHBURG, VA 24501",2226,278000.0,18.3,19.9,Campbell,5.29,4,0,2015,BOYER RICK & CHRISTINA,461600,2395,,Unknown,60,10,10,10,5.3,10,0,45.3,,,,,
"134 GRIST MILL RD, LYNCHBURG, VA 24501-0000",1883,205900.0,19.0,20.6,Campbell,5.084,3,0,1970,GOUGH THOMAS E & MARY W,478700,2225,,Unknown,61,10,10,10,5.1,10,0,45.1,,,,,
"218 NEIGHBORS PL, LYNCHBURG, VA 24501",2108,252800.0,20.9,22.4,Campbell,5.0,3,0,1973,MORGAN DAVID,447500,2782,,Unknown,62,10,10,10,5.0,10,0,45.0,,,,,
"1113 BEAVER CREEK XING, LYNCHBURG, VA 24501",2469,319000.0,22.7,24.2,Campbell,5.0,5,0,2001,CAMPBELL GARY W & KENA E,538300,2966,,Unknown,63,10,10,10,5.0,10,0,45.0,,,,,
"2700 LAWYERS RD, LYNCHBURG, VA 24501",2396,231900.0,24.8,20.2,Campbell,5.0,4,0,2003,GODFREY ROBERT L,428900,2590,,Unknown,64,10,10,10,5.0,10,0,45.0,,,,,
"596 CABIN FIELD RD, LYNCHBURG, VA 24504-0000",2060,246000.0,22.2,24.8,Campbell,5.0,3,0,2004,BARTLEMAN JAMES P & BONNIE C,429400,2243,,Unknown,65,10,10,10,5.0,10,0,45.0,,,,,
"1201 GREENVIEW DR, LYNCHBURG, VA 24502-0000",2834,711000.0,20.6,13.3,Campbell,5.67,3,0,1987,MICHAEL ROBERT L & PHYLLIS C  TRS,793100,1704,,Unknown,66,14,10,15,5.7,0,0,44.7,,,,,
"485 HOPKINS RD, LYNCHBURG, VA 24502-0000",2947,382200.0,22.4,18.6,Campbell,10.66,4,0,1987,EPPERSON MARK A & ROSE S,624600,2548,,Unknown,67,14,10,10,10.7,0,0,44.7,,,,,
"663 OLD PLANTATION DR, LYNCHBURG, VA 24502-0000",1836,666400.0,24.0,19.1,Campbell,12.92,3,0,1973,DOUTHAT DAVID E & SUSAN M,876500,2202,,Unknown,68,10,10,10,12.9,0,0,42.9,,,,,
"138 CERILLO LN, RUSTBURG, VA 24588",1920,321900.0,21.6,19.4,Campbell,11.76,7,0,1972,CERILLO JAMES ANTHONY TRS,666900,3166,,Unknown,69,10,10,10,11.8,0,0,41.8,,,,,
"530 POOR HOUSE RD, RUSTBURG, VA 24588-0000",2208,151800.0,21.7,23.3,Campbell,10.65,3,0,1912,DEACON JAMES FRANKLIN JR &,616100,1838,,Unknown,70,10,10,10,10.7,0,0,40.7,,,,,
"138 CERILLO LN, RUSTBURG, VA 24588-0000",2556,402000.0,22.0,19.3,Campbell,6.58,3,0,2002,CERILLO JAMES ANTHONY TRS,666900,3166,,Unknown,71,14,10,10,6.6,0,0,40.6,,,,,
"132 ACORN DR, RUSTBURG, VA 24588-0000",2593,435800.0,24.9,21.1,Campbell,6.648,3,0,1988,WOOLDRIDGE CLARENCE L & PATRICIA R,626800,2824,,Unknown,72,14,10,10,6.6,0,0,40.6,,,,,
"316 HOPKINS RD, LYNCHBURG, VA 24502-0000",2844,374900.0,22.1,18.2,Campbell,5.01,3,0,2001,NUCKOLS KIRBY V JR & TAMARA S,562800,1912,,Unknown,73,14,10,10,5.0,0,0,39.0,,,,,
"352 FOX DR, LYNCHBURG, VA 24502",2400,383200.0,22.8,15.7,Campbell,9.03,3,0,2001,CHILDREY PAUL A & ALYSON L,597000,2376,,Unknown,74,10,10,10,9.0,0,0,39.0,,,,,
"78 DUNIVAN DR, RUSTBURG, VA 24588",1864,343300.0,20.8,18.1,Campbell,8.7,4,0,1974,MIXON JESSIE A & SHARON M,555400,2237,,Unknown,75,10,10,10,8.7,0,0,38.7,,,,,
"1124 SUNNYMEADE RD, RUSTBURG, VA 24588-0000",2330,260500.0,22.9,20.2,Campbell,6.19,4,0,1987,GODSEY LARRY R & KRISTI W,560200,2442,,Unknown,76,10,10,10,6.2,0,0,36.2,,,,,
